日期,地区,指标,值
2015-01-01,上海市,商品房现房销售面积_累计值(万平方米),
2015-02-01,上海市,商品房现房销售面积_累计值(万平方米),
2015-03-01,上海市,商品房现房销售面积_累计值(万平方米),
2015-04-01,上海市,商品房现房销售面积_累计值(万平方米),
2015-05-01,上海市,商品房现房销售面积_累计值(万平方米),
2015-06-01,上海市,商品房现房销售面积_累计值(万平方米),
2015-07-01,上海市,商品房现房销售面积_累计值(万平方米),
2015-08-01,上海市,商品房现房销售面积_累计值(万平方米),
2015-09-01,上海市,商品房现房销售面积_累计值(万平方米),
2015-10-01,上海市,商品房现房销售面积_累计值(万平方米),
2015-11-01,上海市,商品房现房销售面积_累计值(万平方米),
2015-12-01,上海市,商品房现房销售面积_累计值(万平方米),
2016-01-01,上海市,商品房现房销售面积_累计值(万平方米),
2016-02-01,上海市,商品房现房销售面积_累计值(万平方米),
2016-03-01,上海市,商品房现房销售面积_累计值(万平方米),
2016-04-01,上海市,商品房现房销售面积_累计值(万平方米),
2016-05-01,上海市,商品房现房销售面积_累计值(万平方米),
2016-06-01,上海市,商品房现房销售面积_累计值(万平方米),
2016-07-01,上海市,商品房现房销售面积_累计值(万平方米),
2016-08-01,上海市,商品房现房销售面积_累计值(万平方米),
2016-09-01,上海市,商品房现房销售面积_累计值(万平方米),
2016-10-01,上海市,商品房现房销售面积_累计值(万平方米),
2016-11-01,上海市,商品房现房销售面积_累计值(万平方米),
2016-12-01,上海市,商品房现房销售面积_累计值(万平方米),
2017-01-01,上海市,商品房现房销售面积_累计值(万平方米),
2017-02-01,上海市,商品房现房销售面积_累计值(万平方米),
2017-03-01,上海市,商品房现房销售面积_累计值(万平方米),
2017-04-01,上海市,商品房现房销售面积_累计值(万平方米),
2017-05-01,上海市,商品房现房销售面积_累计值(万平方米),
2017-06-01,上海市,商品房现房销售面积_累计值(万平方米),
2017-07-01,上海市,商品房现房销售面积_累计值(万平方米),
2017-08-01,上海市,商品房现房销售面积_累计值(万平方米),
2017-09-01,上海市,商品房现房销售面积_累计值(万平方米),
2017-10-01,上海市,商品房现房销售面积_累计值(万平方米),
2017-11-01,上海市,商品房现房销售面积_累计值(万平方米),
2017-12-01,上海市,商品房现房销售面积_累计值(万平方米),
2018-01-01,上海市,商品房现房销售面积_累计值(万平方米),
2018-02-01,上海市,商品房现房销售面积_累计值(万平方米),
2018-03-01,上海市,商品房现房销售面积_累计值(万平方米),
2018-04-01,上海市,商品房现房销售面积_累计值(万平方米),
2018-05-01,上海市,商品房现房销售面积_累计值(万平方米),
2018-06-01,上海市,商品房现房销售面积_累计值(万平方米),
2018-07-01,上海市,商品房现房销售面积_累计值(万平方米),
2018-08-01,上海市,商品房现房销售面积_累计值(万平方米),
2018-09-01,上海市,商品房现房销售面积_累计值(万平方米),
2018-10-01,上海市,商品房现房销售面积_累计值(万平方米),
2018-11-01,上海市,商品房现房销售面积_累计值(万平方米),
2018-12-01,上海市,商品房现房销售面积_累计值(万平方米),
2019-01-01,上海市,商品房现房销售面积_累计值(万平方米),
2019-02-01,上海市,商品房现房销售面积_累计值(万平方米),
2019-03-01,上海市,商品房现房销售面积_累计值(万平方米),
2019-04-01,上海市,商品房现房销售面积_累计值(万平方米),
2019-05-01,上海市,商品房现房销售面积_累计值(万平方米),
2019-06-01,上海市,商品房现房销售面积_累计值(万平方米),
2019-07-01,上海市,商品房现房销售面积_累计值(万平方米),
2019-08-01,上海市,商品房现房销售面积_累计值(万平方米),
2019-09-01,上海市,商品房现房销售面积_累计值(万平方米),
2019-10-01,上海市,商品房现房销售面积_累计值(万平方米),
2019-11-01,上海市,商品房现房销售面积_累计值(万平方米),
2019-12-01,上海市,商品房现房销售面积_累计值(万平方米),
2020-01-01,上海市,商品房现房销售面积_累计值(万平方米),
2020-02-01,上海市,商品房现房销售面积_累计值(万平方米),71.4671
2020-03-01,上海市,商品房现房销售面积_累计值(万平方米),107.1528
2020-04-01,上海市,商品房现房销售面积_累计值(万平方米),142.6126
2020-05-01,上海市,商品房现房销售面积_累计值(万平方米),176.9824
2020-06-01,上海市,商品房现房销售面积_累计值(万平方米),255.8691
2020-07-01,上海市,商品房现房销售面积_累计值(万平方米),349.1781
2020-08-01,上海市,商品房现房销售面积_累计值(万平方米),390.646
2020-09-01,上海市,商品房现房销售面积_累计值(万平方米),469.7272
2020-10-01,上海市,商品房现房销售面积_累计值(万平方米),593.901
2020-11-01,上海市,商品房现房销售面积_累计值(万平方米),623.4982
2020-12-01,上海市,商品房现房销售面积_累计值(万平方米),743.6037
2021-01-01,上海市,商品房现房销售面积_累计值(万平方米),
2021-02-01,上海市,商品房现房销售面积_累计值(万平方米),68.3856
2021-03-01,上海市,商品房现房销售面积_累计值(万平方米),161.4586
2021-04-01,上海市,商品房现房销售面积_累计值(万平方米),215.201
2021-05-01,上海市,商品房现房销售面积_累计值(万平方米),249.3908
2021-06-01,上海市,商品房现房销售面积_累计值(万平方米),330.4846
2021-07-01,上海市,商品房现房销售面积_累计值(万平方米),406.0516
2021-08-01,上海市,商品房现房销售面积_累计值(万平方米),439.5577
2021-09-01,上海市,商品房现房销售面积_累计值(万平方米),526.6366
2021-10-01,上海市,商品房现房销售面积_累计值(万平方米),621.2158
2021-11-01,上海市,商品房现房销售面积_累计值(万平方米),635.721
2021-12-01,上海市,商品房现房销售面积_累计值(万平方米),715.5225
2022-01-01,上海市,商品房现房销售面积_累计值(万平方米),
2022-02-01,上海市,商品房现房销售面积_累计值(万平方米),103.7611
2022-03-01,上海市,商品房现房销售面积_累计值(万平方米),145.0432
2022-04-01,上海市,商品房现房销售面积_累计值(万平方米),145.5413
2022-05-01,上海市,商品房现房销售面积_累计值(万平方米),163.5314
2022-06-01,上海市,商品房现房销售面积_累计值(万平方米),228.3195
2022-07-01,上海市,商品房现房销售面积_累计值(万平方米),261.3544
2022-08-01,上海市,商品房现房销售面积_累计值(万平方米),328.0627
2022-09-01,上海市,商品房现房销售面积_累计值(万平方米),383.0602
2022-10-01,上海市,商品房现房销售面积_累计值(万平方米),445.6843
2022-11-01,上海市,商品房现房销售面积_累计值(万平方米),459.5134
2022-12-01,上海市,商品房现房销售面积_累计值(万平方米),537.4853
2023-01-01,上海市,商品房现房销售面积_累计值(万平方米),
2023-02-01,上海市,商品房现房销售面积_累计值(万平方米),56.7459
2023-03-01,上海市,商品房现房销售面积_累计值(万平方米),113.7426
2023-04-01,上海市,商品房现房销售面积_累计值(万平方米),140.2336
2023-05-01,上海市,商品房现房销售面积_累计值(万平方米),165.6177
2023-06-01,上海市,商品房现房销售面积_累计值(万平方米),209.0325
2023-07-01,上海市,商品房现房销售面积_累计值(万平方米),255.665
2023-08-01,上海市,商品房现房销售面积_累计值(万平方米),319.5674
2023-09-01,上海市,商品房现房销售面积_累计值(万平方米),374.6395
2023-10-01,上海市,商品房现房销售面积_累计值(万平方米),416.5435
2023-11-01,上海市,商品房现房销售面积_累计值(万平方米),463.2586
2023-12-01,上海市,商品房现房销售面积_累计值(万平方米),545.0998
2024-01-01,上海市,商品房现房销售面积_累计值(万平方米),
2024-02-01,上海市,商品房现房销售面积_累计值(万平方米),96.251
2024-03-01,上海市,商品房现房销售面积_累计值(万平方米),184.0083
2024-04-01,上海市,商品房现房销售面积_累计值(万平方米),237.4497
2024-05-01,上海市,商品房现房销售面积_累计值(万平方米),286.696
2024-06-01,上海市,商品房现房销售面积_累计值(万平方米),347.1461
2024-07-01,上海市,商品房现房销售面积_累计值(万平方米),392.771
2024-08-01,上海市,商品房现房销售面积_累计值(万平方米),434.8252
2024-09-01,上海市,商品房现房销售面积_累计值(万平方米),514.3242
2024-10-01,上海市,商品房现房销售面积_累计值(万平方米),541.5656
2024-11-01,上海市,商品房现房销售面积_累计值(万平方米),565.1251
2024-12-01,上海市,商品房现房销售面积_累计值(万平方米),650.3319
2025-01-01,上海市,商品房现房销售面积_累计值(万平方米),
2025-02-01,上海市,商品房现房销售面积_累计值(万平方米),96.1751
2025-03-01,上海市,商品房现房销售面积_累计值(万平方米),157.7136
2025-04-01,上海市,商品房现房销售面积_累计值(万平方米),204.3
2025-05-01,上海市,商品房现房销售面积_累计值(万平方米),218.24
2025-06-01,上海市,商品房现房销售面积_累计值(万平方米),313.82
2025-07-01,上海市,商品房现房销售面积_累计值(万平方米),387.45
2025-08-01,上海市,商品房现房销售面积_累计值(万平方米),473.39
2025-09-01,上海市,商品房现房销售面积_累计值(万平方米),575.5
2025-10-01,上海市,商品房现房销售面积_累计值(万平方米),622.16
2025-11-01,上海市,商品房现房销售面积_累计值(万平方米),668.81
2025-12-01,上海市,商品房现房销售面积_累计值(万平方米),712.92
2026-01-01,上海市,商品房现房销售面积_累计值(万平方米),
2015-01-01,上海市,商品房现房销售面积_累计增长(%),
2015-02-01,上海市,商品房现房销售面积_累计增长(%),
2015-03-01,上海市,商品房现房销售面积_累计增长(%),
2015-04-01,上海市,商品房现房销售面积_累计增长(%),
2015-05-01,上海市,商品房现房销售面积_累计增长(%),
2015-06-01,上海市,商品房现房销售面积_累计增长(%),
2015-07-01,上海市,商品房现房销售面积_累计增长(%),
2015-08-01,上海市,商品房现房销售面积_累计增长(%),
2015-09-01,上海市,商品房现房销售面积_累计增长(%),
2015-10-01,上海市,商品房现房销售面积_累计增长(%),
2015-11-01,上海市,商品房现房销售面积_累计增长(%),
2015-12-01,上海市,商品房现房销售面积_累计增长(%),
2016-01-01,上海市,商品房现房销售面积_累计增长(%),
2016-02-01,上海市,商品房现房销售面积_累计增长(%),
2016-03-01,上海市,商品房现房销售面积_累计增长(%),
2016-04-01,上海市,商品房现房销售面积_累计增长(%),
2016-05-01,上海市,商品房现房销售面积_累计增长(%),
2016-06-01,上海市,商品房现房销售面积_累计增长(%),
2016-07-01,上海市,商品房现房销售面积_累计增长(%),
2016-08-01,上海市,商品房现房销售面积_累计增长(%),
2016-09-01,上海市,商品房现房销售面积_累计增长(%),
2016-10-01,上海市,商品房现房销售面积_累计增长(%),
2016-11-01,上海市,商品房现房销售面积_累计增长(%),
2016-12-01,上海市,商品房现房销售面积_累计增长(%),
2017-01-01,上海市,商品房现房销售面积_累计增长(%),
2017-02-01,上海市,商品房现房销售面积_累计增长(%),
2017-03-01,上海市,商品房现房销售面积_累计增长(%),
2017-04-01,上海市,商品房现房销售面积_累计增长(%),
2017-05-01,上海市,商品房现房销售面积_累计增长(%),
2017-06-01,上海市,商品房现房销售面积_累计增长(%),
2017-07-01,上海市,商品房现房销售面积_累计增长(%),
2017-08-01,上海市,商品房现房销售面积_累计增长(%),
2017-09-01,上海市,商品房现房销售面积_累计增长(%),
2017-10-01,上海市,商品房现房销售面积_累计增长(%),
2017-11-01,上海市,商品房现房销售面积_累计增长(%),
2017-12-01,上海市,商品房现房销售面积_累计增长(%),
2018-01-01,上海市,商品房现房销售面积_累计增长(%),
2018-02-01,上海市,商品房现房销售面积_累计增长(%),
2018-03-01,上海市,商品房现房销售面积_累计增长(%),
2018-04-01,上海市,商品房现房销售面积_累计增长(%),
2018-05-01,上海市,商品房现房销售面积_累计增长(%),
2018-06-01,上海市,商品房现房销售面积_累计增长(%),
2018-07-01,上海市,商品房现房销售面积_累计增长(%),
2018-08-01,上海市,商品房现房销售面积_累计增长(%),
2018-09-01,上海市,商品房现房销售面积_累计增长(%),
2018-10-01,上海市,商品房现房销售面积_累计增长(%),
2018-11-01,上海市,商品房现房销售面积_累计增长(%),
2018-12-01,上海市,商品房现房销售面积_累计增长(%),
2019-01-01,上海市,商品房现房销售面积_累计增长(%),
2019-02-01,上海市,商品房现房销售面积_累计增长(%),
2019-03-01,上海市,商品房现房销售面积_累计增长(%),
2019-04-01,上海市,商品房现房销售面积_累计增长(%),
2019-05-01,上海市,商品房现房销售面积_累计增长(%),
2019-06-01,上海市,商品房现房销售面积_累计增长(%),
2019-07-01,上海市,商品房现房销售面积_累计增长(%),
2019-08-01,上海市,商品房现房销售面积_累计增长(%),
2019-09-01,上海市,商品房现房销售面积_累计增长(%),
2019-10-01,上海市,商品房现房销售面积_累计增长(%),
2019-11-01,上海市,商品房现房销售面积_累计增长(%),
2019-12-01,上海市,商品房现房销售面积_累计增长(%),
2020-01-01,上海市,商品房现房销售面积_累计增长(%),
2020-02-01,上海市,商品房现房销售面积_累计增长(%),25.8
2020-03-01,上海市,商品房现房销售面积_累计增长(%),-8.4
2020-04-01,上海市,商品房现房销售面积_累计增长(%),-19.4
2020-05-01,上海市,商品房现房销售面积_累计增长(%),-16.3
2020-06-01,上海市,商品房现房销售面积_累计增长(%),-18.2
2020-07-01,上海市,商品房现房销售面积_累计增长(%),-3.8
2020-08-01,上海市,商品房现房销售面积_累计增长(%),-1.2
2020-09-01,上海市,商品房现房销售面积_累计增长(%),-5.7
2020-10-01,上海市,商品房现房销售面积_累计增长(%),5.3
2020-11-01,上海市,商品房现房销售面积_累计增长(%),2.6
2020-12-01,上海市,商品房现房销售面积_累计增长(%),1.7
2021-01-01,上海市,商品房现房销售面积_累计增长(%),
2021-02-01,上海市,商品房现房销售面积_累计增长(%),-4.3
2021-03-01,上海市,商品房现房销售面积_累计增长(%),50.7
2021-04-01,上海市,商品房现房销售面积_累计增长(%),50.9
2021-05-01,上海市,商品房现房销售面积_累计增长(%),40.9
2021-06-01,上海市,商品房现房销售面积_累计增长(%),29.2
2021-07-01,上海市,商品房现房销售面积_累计增长(%),16.3
2021-08-01,上海市,商品房现房销售面积_累计增长(%),12.5
2021-09-01,上海市,商品房现房销售面积_累计增长(%),12.1
2021-10-01,上海市,商品房现房销售面积_累计增长(%),4.6
2021-11-01,上海市,商品房现房销售面积_累计增长(%),2.0
2021-12-01,上海市,商品房现房销售面积_累计增长(%),-3.8
2022-01-01,上海市,商品房现房销售面积_累计增长(%),
2022-02-01,上海市,商品房现房销售面积_累计增长(%),51.7
2022-03-01,上海市,商品房现房销售面积_累计增长(%),-10.2
2022-04-01,上海市,商品房现房销售面积_累计增长(%),-32.4
2022-05-01,上海市,商品房现房销售面积_累计增长(%),-34.4
2022-06-01,上海市,商品房现房销售面积_累计增长(%),-30.9
2022-07-01,上海市,商品房现房销售面积_累计增长(%),-35.6
2022-08-01,上海市,商品房现房销售面积_累计增长(%),-25.4
2022-09-01,上海市,商品房现房销售面积_累计增长(%),-27.3
2022-10-01,上海市,商品房现房销售面积_累计增长(%),-28.3
2022-11-01,上海市,商品房现房销售面积_累计增长(%),-27.7
2022-12-01,上海市,商品房现房销售面积_累计增长(%),-24.9
2023-01-01,上海市,商品房现房销售面积_累计增长(%),
2023-02-01,上海市,商品房现房销售面积_累计增长(%),-45.3
2023-03-01,上海市,商品房现房销售面积_累计增长(%),-21.6
2023-04-01,上海市,商品房现房销售面积_累计增长(%),-3.6
2023-05-01,上海市,商品房现房销售面积_累计增长(%),1.3
2023-06-01,上海市,商品房现房销售面积_累计增长(%),-8.4
2023-07-01,上海市,商品房现房销售面积_累计增长(%),-2.2
2023-08-01,上海市,商品房现房销售面积_累计增长(%),-2.6
2023-09-01,上海市,商品房现房销售面积_累计增长(%),-2.2
2023-10-01,上海市,商品房现房销售面积_累计增长(%),-6.5
2023-11-01,上海市,商品房现房销售面积_累计增长(%),0.8
2023-12-01,上海市,商品房现房销售面积_累计增长(%),1.4
2024-01-01,上海市,商品房现房销售面积_累计增长(%),
2024-02-01,上海市,商品房现房销售面积_累计增长(%),69.6
2024-03-01,上海市,商品房现房销售面积_累计增长(%),61.8
2024-04-01,上海市,商品房现房销售面积_累计增长(%),69.3
2024-05-01,上海市,商品房现房销售面积_累计增长(%),73.1
2024-06-01,上海市,商品房现房销售面积_累计增长(%),66.1
2024-07-01,上海市,商品房现房销售面积_累计增长(%),53.6
2024-08-01,上海市,商品房现房销售面积_累计增长(%),36.1
2024-09-01,上海市,商品房现房销售面积_累计增长(%),37.3
2024-10-01,上海市,商品房现房销售面积_累计增长(%),30.0
2024-11-01,上海市,商品房现房销售面积_累计增长(%),22.0
2024-12-01,上海市,商品房现房销售面积_累计增长(%),19.2
2025-01-01,上海市,商品房现房销售面积_累计增长(%),
2025-02-01,上海市,商品房现房销售面积_累计增长(%),-0.1
2025-03-01,上海市,商品房现房销售面积_累计增长(%),-14.3
2025-04-01,上海市,商品房现房销售面积_累计增长(%),-14.0
2025-05-01,上海市,商品房现房销售面积_累计增长(%),-23.9
2025-06-01,上海市,商品房现房销售面积_累计增长(%),-9.6
2025-07-01,上海市,商品房现房销售面积_累计增长(%),-1.4
2025-08-01,上海市,商品房现房销售面积_累计增长(%),8.9
2025-09-01,上海市,商品房现房销售面积_累计增长(%),11.9
2025-10-01,上海市,商品房现房销售面积_累计增长(%),14.9
2025-11-01,上海市,商品房现房销售面积_累计增长(%),18.3
2025-12-01,上海市,商品房现房销售面积_累计增长(%),9.6
2026-01-01,上海市,商品房现房销售面积_累计增长(%),
2015-01-01,上海市,商品房销售面积_累计值(万平方米),
2015-02-01,上海市,商品房销售面积_累计值(万平方米),
2015-03-01,上海市,商品房销售面积_累计值(万平方米),
2015-04-01,上海市,商品房销售面积_累计值(万平方米),
2015-05-01,上海市,商品房销售面积_累计值(万平方米),
2015-06-01,上海市,商品房销售面积_累计值(万平方米),
2015-07-01,上海市,商品房销售面积_累计值(万平方米),
2015-08-01,上海市,商品房销售面积_累计值(万平方米),
2015-09-01,上海市,商品房销售面积_累计值(万平方米),
2015-10-01,上海市,商品房销售面积_累计值(万平方米),
2015-11-01,上海市,商品房销售面积_累计值(万平方米),
2015-12-01,上海市,商品房销售面积_累计值(万平方米),
2016-01-01,上海市,商品房销售面积_累计值(万平方米),
2016-02-01,上海市,商品房销售面积_累计值(万平方米),
2016-03-01,上海市,商品房销售面积_累计值(万平方米),
2016-04-01,上海市,商品房销售面积_累计值(万平方米),
2016-05-01,上海市,商品房销售面积_累计值(万平方米),
2016-06-01,上海市,商品房销售面积_累计值(万平方米),
2016-07-01,上海市,商品房销售面积_累计值(万平方米),
2016-08-01,上海市,商品房销售面积_累计值(万平方米),
2016-09-01,上海市,商品房销售面积_累计值(万平方米),
2016-10-01,上海市,商品房销售面积_累计值(万平方米),
2016-11-01,上海市,商品房销售面积_累计值(万平方米),
2016-12-01,上海市,商品房销售面积_累计值(万平方米),
2017-01-01,上海市,商品房销售面积_累计值(万平方米),
2017-02-01,上海市,商品房销售面积_累计值(万平方米),
2017-03-01,上海市,商品房销售面积_累计值(万平方米),
2017-04-01,上海市,商品房销售面积_累计值(万平方米),
2017-05-01,上海市,商品房销售面积_累计值(万平方米),
2017-06-01,上海市,商品房销售面积_累计值(万平方米),
2017-07-01,上海市,商品房销售面积_累计值(万平方米),
2017-08-01,上海市,商品房销售面积_累计值(万平方米),
2017-09-01,上海市,商品房销售面积_累计值(万平方米),
2017-10-01,上海市,商品房销售面积_累计值(万平方米),
2017-11-01,上海市,商品房销售面积_累计值(万平方米),
2017-12-01,上海市,商品房销售面积_累计值(万平方米),
2018-01-01,上海市,商品房销售面积_累计值(万平方米),
2018-02-01,上海市,商品房销售面积_累计值(万平方米),
2018-03-01,上海市,商品房销售面积_累计值(万平方米),
2018-04-01,上海市,商品房销售面积_累计值(万平方米),
2018-05-01,上海市,商品房销售面积_累计值(万平方米),
2018-06-01,上海市,商品房销售面积_累计值(万平方米),
2018-07-01,上海市,商品房销售面积_累计值(万平方米),
2018-08-01,上海市,商品房销售面积_累计值(万平方米),
2018-09-01,上海市,商品房销售面积_累计值(万平方米),
2018-10-01,上海市,商品房销售面积_累计值(万平方米),
2018-11-01,上海市,商品房销售面积_累计值(万平方米),
2018-12-01,上海市,商品房销售面积_累计值(万平方米),
2019-01-01,上海市,商品房销售面积_累计值(万平方米),
2019-02-01,上海市,商品房销售面积_累计值(万平方米),
2019-03-01,上海市,商品房销售面积_累计值(万平方米),
2019-04-01,上海市,商品房销售面积_累计值(万平方米),
2019-05-01,上海市,商品房销售面积_累计值(万平方米),
2019-06-01,上海市,商品房销售面积_累计值(万平方米),
2019-07-01,上海市,商品房销售面积_累计值(万平方米),
2019-08-01,上海市,商品房销售面积_累计值(万平方米),
2019-09-01,上海市,商品房销售面积_累计值(万平方米),
2019-10-01,上海市,商品房销售面积_累计值(万平方米),
2019-11-01,上海市,商品房销售面积_累计值(万平方米),
2019-12-01,上海市,商品房销售面积_累计值(万平方米),
2020-01-01,上海市,商品房销售面积_累计值(万平方米),
2020-02-01,上海市,商品房销售面积_累计值(万平方米),120.4662
2020-03-01,上海市,商品房销售面积_累计值(万平方米),230.375
2020-04-01,上海市,商品房销售面积_累计值(万平方米),346.9155
2020-05-01,上海市,商品房销售面积_累计值(万平方米),434.7962
2020-06-01,上海市,商品房销售面积_累计值(万平方米),644.4263
2020-07-01,上海市,商品房销售面积_累计值(万平方米),800.1297
2020-08-01,上海市,商品房销售面积_累计值(万平方米),935.6428
2020-09-01,上海市,商品房销售面积_累计值(万平方米),1131.8004
2020-10-01,上海市,商品房销售面积_累计值(万平方米),1374.0812
2020-11-01,上海市,商品房销售面积_累计值(万平方米),1515.4127
2020-12-01,上海市,商品房销售面积_累计值(万平方米),1789.1616
2021-01-01,上海市,商品房销售面积_累计值(万平方米),
2021-02-01,上海市,商品房销售面积_累计值(万平方米),235.987
2021-03-01,上海市,商品房销售面积_累计值(万平方米),396.273
2021-04-01,上海市,商品房销售面积_累计值(万平方米),513.3134
2021-05-01,上海市,商品房销售面积_累计值(万平方米),599.8041
2021-06-01,上海市,商品房销售面积_累计值(万平方米),832.8339
2021-07-01,上海市,商品房销售面积_累计值(万平方米),975.9685
2021-08-01,上海市,商品房销售面积_累计值(万平方米),1093.301
2021-09-01,上海市,商品房销售面积_累计值(万平方米),1291.0054
2021-10-01,上海市,商品房销售面积_累计值(万平方米),1470.7136
2021-11-01,上海市,商品房销售面积_累计值(万平方米),1589.8646
2021-12-01,上海市,商品房销售面积_累计值(万平方米),1880.4536
2022-01-01,上海市,商品房销售面积_累计值(万平方米),
2022-02-01,上海市,商品房销售面积_累计值(万平方米),269.0701
2022-03-01,上海市,商品房销售面积_累计值(万平方米),412.1664
2022-04-01,上海市,商品房销售面积_累计值(万平方米),425.9377
2022-05-01,上海市,商品房销售面积_累计值(万平方米),461.6567
2022-06-01,上海市,商品房销售面积_累计值(万平方米),637.9087
2022-07-01,上海市,商品房销售面积_累计值(万平方米),819.9332
2022-08-01,上海市,商品房销售面积_累计值(万平方米),982.7728
2022-09-01,上海市,商品房销售面积_累计值(万平方米),1201.0692
2022-10-01,上海市,商品房销售面积_累计值(万平方米),1383.0501
2022-11-01,上海市,商品房销售面积_累计值(万平方米),1525.8862
2022-12-01,上海市,商品房销售面积_累计值(万平方米),1852.8837
2023-01-01,上海市,商品房销售面积_累计值(万平方米),
2023-02-01,上海市,商品房销售面积_累计值(万平方米),216.8948
2023-03-01,上海市,商品房销售面积_累计值(万平方米),391.6041
2023-04-01,上海市,商品房销售面积_累计值(万平方米),502.0769
2023-05-01,上海市,商品房销售面积_累计值(万平方米),607.9775
2023-06-01,上海市,商品房销售面积_累计值(万平方米),777.0764
2023-07-01,上海市,商品房销售面积_累计值(万平方米),929.1342
2023-08-01,上海市,商品房销售面积_累计值(万平方米),1083.7133
2023-09-01,上海市,商品房销售面积_累计值(万平方米),1282.0454
2023-10-01,上海市,商品房销售面积_累计值(万平方米),1404.3311
2023-11-01,上海市,商品房销售面积_累计值(万平方米),1544.7735
2023-12-01,上海市,商品房销售面积_累计值(万平方米),1808.0263
2024-01-01,上海市,商品房销售面积_累计值(万平方米),
2024-02-01,上海市,商品房销售面积_累计值(万平方米),200.8162
2024-03-01,上海市,商品房销售面积_累计值(万平方米),394.2804
2024-04-01,上海市,商品房销售面积_累计值(万平方米),505.1535
2024-05-01,上海市,商品房销售面积_累计值(万平方米),611.2659
2024-06-01,上海市,商品房销售面积_累计值(万平方米),783.2343
2024-07-01,上海市,商品房销售面积_累计值(万平方米),920.318
2024-08-01,上海市,商品房销售面积_累计值(万平方米),1038.1167
2024-09-01,上海市,商品房销售面积_累计值(万平方米),1205.8823
2024-10-01,上海市,商品房销售面积_累计值(万平方米),1327.7361
2024-11-01,上海市,商品房销售面积_累计值(万平方米),1469.8579
2024-12-01,上海市,商品房销售面积_累计值(万平方米),1656.8637
2025-01-01,上海市,商品房销售面积_累计值(万平方米),
2025-02-01,上海市,商品房销售面积_累计值(万平方米),201.3922
2025-03-01,上海市,商品房销售面积_累计值(万平方米),397.2808
2025-04-01,上海市,商品房销售面积_累计值(万平方米),508.66
2025-05-01,上海市,商品房销售面积_累计值(万平方米),615.11
2025-06-01,上海市,商品房销售面积_累计值(万平方米),795.64
2025-07-01,上海市,商品房销售面积_累计值(万平方米),920.92
2025-08-01,上海市,商品房销售面积_累计值(万平方米),1027.46
2025-09-01,上海市,商品房销售面积_累计值(万平方米),1202.42
2025-10-01,上海市,商品房销售面积_累计值(万平方米),1304.4
2025-11-01,上海市,商品房销售面积_累计值(万平方米),1428.67
2025-12-01,上海市,商品房销售面积_累计值(万平方米),1579.85
2026-01-01,上海市,商品房销售面积_累计值(万平方米),
2015-01-01,上海市,商品房销售面积_累计增长(%),
2015-02-01,上海市,商品房销售面积_累计增长(%),
2015-03-01,上海市,商品房销售面积_累计增长(%),
2015-04-01,上海市,商品房销售面积_累计增长(%),
2015-05-01,上海市,商品房销售面积_累计增长(%),
2015-06-01,上海市,商品房销售面积_累计增长(%),
2015-07-01,上海市,商品房销售面积_累计增长(%),
2015-08-01,上海市,商品房销售面积_累计增长(%),
2015-09-01,上海市,商品房销售面积_累计增长(%),
2015-10-01,上海市,商品房销售面积_累计增长(%),
2015-11-01,上海市,商品房销售面积_累计增长(%),
2015-12-01,上海市,商品房销售面积_累计增长(%),
2016-01-01,上海市,商品房销售面积_累计增长(%),
2016-02-01,上海市,商品房销售面积_累计增长(%),
2016-03-01,上海市,商品房销售面积_累计增长(%),
2016-04-01,上海市,商品房销售面积_累计增长(%),
2016-05-01,上海市,商品房销售面积_累计增长(%),
2016-06-01,上海市,商品房销售面积_累计增长(%),
2016-07-01,上海市,商品房销售面积_累计增长(%),
2016-08-01,上海市,商品房销售面积_累计增长(%),
2016-09-01,上海市,商品房销售面积_累计增长(%),
2016-10-01,上海市,商品房销售面积_累计增长(%),
2016-11-01,上海市,商品房销售面积_累计增长(%),
2016-12-01,上海市,商品房销售面积_累计增长(%),
2017-01-01,上海市,商品房销售面积_累计增长(%),
2017-02-01,上海市,商品房销售面积_累计增长(%),
2017-03-01,上海市,商品房销售面积_累计增长(%),
2017-04-01,上海市,商品房销售面积_累计增长(%),
2017-05-01,上海市,商品房销售面积_累计增长(%),
2017-06-01,上海市,商品房销售面积_累计增长(%),
2017-07-01,上海市,商品房销售面积_累计增长(%),
2017-08-01,上海市,商品房销售面积_累计增长(%),
2017-09-01,上海市,商品房销售面积_累计增长(%),
2017-10-01,上海市,商品房销售面积_累计增长(%),
2017-11-01,上海市,商品房销售面积_累计增长(%),
2017-12-01,上海市,商品房销售面积_累计增长(%),
2018-01-01,上海市,商品房销售面积_累计增长(%),
2018-02-01,上海市,商品房销售面积_累计增长(%),
2018-03-01,上海市,商品房销售面积_累计增长(%),
2018-04-01,上海市,商品房销售面积_累计增长(%),
2018-05-01,上海市,商品房销售面积_累计增长(%),
2018-06-01,上海市,商品房销售面积_累计增长(%),
2018-07-01,上海市,商品房销售面积_累计增长(%),
2018-08-01,上海市,商品房销售面积_累计增长(%),
2018-09-01,上海市,商品房销售面积_累计增长(%),
2018-10-01,上海市,商品房销售面积_累计增长(%),
2018-11-01,上海市,商品房销售面积_累计增长(%),
2018-12-01,上海市,商品房销售面积_累计增长(%),
2019-01-01,上海市,商品房销售面积_累计增长(%),
2019-02-01,上海市,商品房销售面积_累计增长(%),
2019-03-01,上海市,商品房销售面积_累计增长(%),
2019-04-01,上海市,商品房销售面积_累计增长(%),
2019-05-01,上海市,商品房销售面积_累计增长(%),
2019-06-01,上海市,商品房销售面积_累计增长(%),
2019-07-01,上海市,商品房销售面积_累计增长(%),
2019-08-01,上海市,商品房销售面积_累计增长(%),
2019-09-01,上海市,商品房销售面积_累计增长(%),
2019-10-01,上海市,商品房销售面积_累计增长(%),
2019-11-01,上海市,商品房销售面积_累计增长(%),
2019-12-01,上海市,商品房销售面积_累计增长(%),
2020-01-01,上海市,商品房销售面积_累计增长(%),
2020-02-01,上海市,商品房销售面积_累计增长(%),-29.7
2020-03-01,上海市,商品房销售面积_累计增长(%),-27.4
2020-04-01,上海市,商品房销售面积_累计增长(%),-21.0
2020-05-01,上海市,商品房销售面积_累计增长(%),-16.2
2020-06-01,上海市,商品房销售面积_累计增长(%),-12.6
2020-07-01,上海市,商品房销售面积_累计增长(%),-15.2
2020-08-01,上海市,商品房销售面积_累计增长(%),-10.1
2020-09-01,上海市,商品房销售面积_累计增长(%),-8.8
2020-10-01,上海市,商品房销售面积_累计增长(%),-2.3
2020-11-01,上海市,商品房销售面积_累计增长(%),1.0
2020-12-01,上海市,商品房销售面积_累计增长(%),5.5
2021-01-01,上海市,商品房销售面积_累计增长(%),
2021-02-01,上海市,商品房销售面积_累计增长(%),95.9
2021-03-01,上海市,商品房销售面积_累计增长(%),72.0
2021-04-01,上海市,商品房销售面积_累计增长(%),48.0
2021-05-01,上海市,商品房销售面积_累计增长(%),38.0
2021-06-01,上海市,商品房销售面积_累计增长(%),29.2
2021-07-01,上海市,商品房销售面积_累计增长(%),22.0
2021-08-01,上海市,商品房销售面积_累计增长(%),16.9
2021-09-01,上海市,商品房销售面积_累计增长(%),14.1
2021-10-01,上海市,商品房销售面积_累计增长(%),7.0
2021-11-01,上海市,商品房销售面积_累计增长(%),4.9
2021-12-01,上海市,商品房销售面积_累计增长(%),5.1
2022-01-01,上海市,商品房销售面积_累计增长(%),
2022-02-01,上海市,商品房销售面积_累计增长(%),14.0
2022-03-01,上海市,商品房销售面积_累计增长(%),4.0
2022-04-01,上海市,商品房销售面积_累计增长(%),-17.0
2022-05-01,上海市,商品房销售面积_累计增长(%),-23.0
2022-06-01,上海市,商品房销售面积_累计增长(%),-23.4
2022-07-01,上海市,商品房销售面积_累计增长(%),-16.0
2022-08-01,上海市,商品房销售面积_累计增长(%),-10.1
2022-09-01,上海市,商品房销售面积_累计增长(%),-7.0
2022-10-01,上海市,商品房销售面积_累计增长(%),-6.0
2022-11-01,上海市,商品房销售面积_累计增长(%),-4.0
2022-12-01,上海市,商品房销售面积_累计增长(%),-1.5
2023-01-01,上海市,商品房销售面积_累计增长(%),
2023-02-01,上海市,商品房销售面积_累计增长(%),-19.4
2023-03-01,上海市,商品房销售面积_累计增长(%),-5.0
2023-04-01,上海市,商品房销售面积_累计增长(%),17.9
2023-05-01,上海市,商品房销售面积_累计增长(%),31.7
2023-06-01,上海市,商品房销售面积_累计增长(%),21.8
2023-07-01,上海市,商品房销售面积_累计增长(%),13.3
2023-08-01,上海市,商品房销售面积_累计增长(%),10.3
2023-09-01,上海市,商品房销售面积_累计增长(%),6.7
2023-10-01,上海市,商品房销售面积_累计增长(%),1.5
2023-11-01,上海市,商品房销售面积_累计增长(%),1.2
2023-12-01,上海市,商品房销售面积_累计增长(%),-2.4
2024-01-01,上海市,商品房销售面积_累计增长(%),
2024-02-01,上海市,商品房销售面积_累计增长(%),-7.4
2024-03-01,上海市,商品房销售面积_累计增长(%),0.7
2024-04-01,上海市,商品房销售面积_累计增长(%),0.6
2024-05-01,上海市,商品房销售面积_累计增长(%),0.5
2024-06-01,上海市,商品房销售面积_累计增长(%),0.8
2024-07-01,上海市,商品房销售面积_累计增长(%),-0.9
2024-08-01,上海市,商品房销售面积_累计增长(%),-4.2
2024-09-01,上海市,商品房销售面积_累计增长(%),-5.9
2024-10-01,上海市,商品房销售面积_累计增长(%),-5.5
2024-11-01,上海市,商品房销售面积_累计增长(%),-4.8
2024-12-01,上海市,商品房销售面积_累计增长(%),-8.5
2025-01-01,上海市,商品房销售面积_累计增长(%),
2025-02-01,上海市,商品房销售面积_累计增长(%),0.3
2025-03-01,上海市,商品房销售面积_累计增长(%),0.8
2025-04-01,上海市,商品房销售面积_累计增长(%),0.7
2025-05-01,上海市,商品房销售面积_累计增长(%),0.6
2025-06-01,上海市,商品房销售面积_累计增长(%),1.6
2025-07-01,上海市,商品房销售面积_累计增长(%),0.1
2025-08-01,上海市,商品房销售面积_累计增长(%),-1.0
2025-09-01,上海市,商品房销售面积_累计增长(%),-0.3
2025-10-01,上海市,商品房销售面积_累计增长(%),-1.8
2025-11-01,上海市,商品房销售面积_累计增长(%),-2.8
2025-12-01,上海市,商品房销售面积_累计增长(%),-4.6
2026-01-01,上海市,商品房销售面积_累计增长(%),
2015-01-01,全国,商品房期房销售面积_累计值(万平方米),
2015-02-01,全国,商品房期房销售面积_累计值(万平方米),6779.6959
2015-03-01,全国,商品房期房销售面积_累计值(万平方米),14024.9375
2015-04-01,全国,商品房期房销售面积_累计值(万平方米),20349.2634
2015-05-01,全国,商品房期房销售面积_累计值(万平方米),27769.7668
2015-06-01,全国,商品房期房销售面积_累计值(万平方米),38639.7694
2015-07-01,全国,商品房期房销售面积_累计值(万平方米),46085.3864
2015-08-01,全国,商品房期房销售面积_累计值(万平方米),53684.3832
2015-09-01,全国,商品房期房销售面积_累计值(万平方米),63492.2321
2015-10-01,全国,商品房期房销售面积_累计值(万平方米),72639.013
2015-11-01,全国,商品房期房销售面积_累计值(万平方米),83209.424
2015-12-01,全国,商品房期房销售面积_累计值(万平方米),96792.3561
2016-01-01,全国,商品房期房销售面积_累计值(万平方米),
2016-02-01,全国,商品房期房销售面积_累计值(万平方米),8519.4891
2016-03-01,全国,商品房期房销售面积_累计值(万平方米),18425.1692
2016-04-01,全国,商品房期房销售面积_累计值(万平方米),27359.2362
2016-05-01,全国,商品房期房销售面积_累计值(万平方米),36379.4723
2016-06-01,全国,商品房期房销售面积_累计值(万平方米),48727.0922
2016-07-01,全国,商品房期房销售面积_累计值(万平方米),57452.9958
2016-08-01,全国,商品房期房销售面积_累计值(万平方米),66510.0858
2016-09-01,全国,商品房期房销售面积_累计值(万平方米),80001.0148
2016-10-01,全国,商品房期房销售面积_累计值(万平方米),91640.1102
2016-11-01,全国,商品房期房销售面积_累计值(万平方米),102889.9403
2016-12-01,全国,商品房期房销售面积_累计值(万平方米),118026.3894
2017-01-01,全国,商品房期房销售面积_累计值(万平方米),
2017-02-01,全国,商品房期房销售面积_累计值(万平方米),10752.9902
2017-03-01,全国,商品房期房销售面积_累计值(万平方米),22104.2439
2017-04-01,全国,商品房期房销售面积_累计值(万平方米),31814.4613
2017-05-01,全国,商品房期房销售面积_累计值(万平方米),41833.9127
2017-06-01,全国,商品房期房销售面积_累计值(万平方米),56742.409
2017-07-01,全国,商品房期房销售面积_累计值(万平方米),65690.6862
2017-08-01,全国,商品房期房销售面积_累计值(万平方米),75150.3167
2017-09-01,全国,商品房期房销售面积_累计值(万平方米),88537.164
2017-10-01,全国,商品房期房销售面积_累计值(万平方米),99464.7125
2017-11-01,全国,商品房期房销售面积_累计值(万平方米),112020.025
2017-12-01,全国,商品房期房销售面积_累计值(万平方米),129413.0482
2018-01-01,全国,商品房期房销售面积_累计值(万平方米),
2018-02-01,全国,商品房期房销售面积_累计值(万平方米),11947.5196
2018-03-01,全国,商品房期房销售面积_累计值(万平方米),24356.5808
2018-04-01,全国,商品房期房销售面积_累计值(万平方米),34208.4754
2018-05-01,全国,商品房期房销售面积_累计值(万平方米),45890.6939
2018-06-01,全国,商品房期房销售面积_累计值(万平方米),62550.8895
2018-07-01,全国,商品房期房销售面积_累计值(万平方米),73030.513
2018-08-01,全国,商品房期房销售面积_累计值(万平方米),83549.7751
2018-09-01,全国,商品房期房销售面积_累计值(万平方米),97549.3871
2018-10-01,全国,商品房期房销售面积_累计值(万平方米),109210.8316
2018-11-01,全国,商品房期房销售面积_累计值(万平方米),122209.5769
2018-12-01,全国,商品房期房销售面积_累计值(万平方米),140610.2719
2019-01-01,全国,商品房期房销售面积_累计值(万平方米),
2019-02-01,全国,商品房期房销售面积_累计值(万平方米),11887.3111
2019-03-01,全国,商品房期房销售面积_累计值(万平方米),25133.0784
2019-04-01,全国,商品房期房销售面积_累计值(万平方米),35666.9249
2019-05-01,全国,商品房期房销售面积_累计值(万平方米),47092.9695
2019-06-01,全国,商品房期房销售面积_累计值(万平方米),64098.6222
2019-07-01,全国,商品房期房销售面积_累计值(万平方米),75404.0838
2019-08-01,全国,商品房期房销售面积_累计值(万平方米),86870.2483
2019-09-01,全国,商品房期房销售面积_累计值(万平方米),101962.7256
2019-10-01,全国,商品房期房销售面积_累计值(万平方米),114213.2396
2019-11-01,全国,商品房期房销售面积_累计值(万平方米),127610.9979
2019-12-01,全国,商品房期房销售面积_累计值(万平方米),146664.1306
2020-01-01,全国,商品房期房销售面积_累计值(万平方米),
2020-02-01,全国,商品房期房销售面积_累计值(万平方米),7266.6701
2020-03-01,全国,商品房期房销售面积_累计值(万平方米),18890.0024
2020-04-01,全国,商品房期房销售面积_累计值(万平方米),29361.3812
2020-05-01,全国,商品房期房销售面积_累计值(万平方米),42220.2838
2020-06-01,全国,商品房期房销售面积_累计值(万平方米),60292.4369
2020-07-01,全国,商品房期房销售面积_累计值(万平方米),72817.7497
2020-08-01,全国,商品房期房销售面积_累计值(万平方米),86039.5636
2020-09-01,全国,商品房期房销售面积_累计值(万平方米),102361.5076
2020-10-01,全国,商品房期房销售面积_累计值(万平方米),116675.7045
2020-11-01,全国,商品房期房销售面积_累计值(万平方米),131840.566
2020-12-01,全国,商品房期房销售面积_累计值(万平方米),153699.7287
2021-01-01,全国,商品房期房销售面积_累计值(万平方米),
2021-02-01,全国,商品房期房销售面积_累计值(万平方米),15251.0461
2021-03-01,全国,商品房期房销售面积_累计值(万平方米),31805.5932
2021-04-01,全国,商品房期房销售面积_累计值(万平方米),44523.9063
2021-05-01,全国,商品房期房销售面积_累计值(万平方米),58887.8006
2021-06-01,全国,商品房期房销售面积_累计值(万平方米),78401.2782
2021-07-01,全国,商品房期房销售面积_累计值(万平方米),89816.1136
2021-08-01,全国,商品房期房销售面积_累计值(万平方米),100849.1325
2021-09-01,全国,商品房期房销售面积_累计值(万平方米),114728.8908
2021-10-01,全国,商品房期房销售面积_累计值(万平方米),125705.6631
2021-11-01,全国,商品房期房销售面积_累计值(万平方米),138489.7644
2021-12-01,全国,商品房期房销售面积_累计值(万平方米),156120.7185
2022-01-01,全国,商品房期房销售面积_累计值(万平方米),
2022-02-01,全国,商品房期房销售面积_累计值(万平方米),13104.3327
2022-03-01,全国,商品房期房销售面积_累计值(万平方米),25951.5251
2022-04-01,全国,商品房期房销售面积_累计值(万平方米),33201.2774
2022-05-01,全国,商品房期房销售面积_累计值(万平方米),42252.3372
2022-06-01,全国,商品房期房销售面积_累计值(万平方米),57018.7019
2022-07-01,全国,商品房期房销售面积_累计值(万平方米),64744.9614
2022-08-01,全国,商品房期房销售面积_累计值(万平方米),72781.4678
2022-09-01,全国,商品房期房销售面积_累计值(万平方米),84050.5976
2022-10-01,全国,商品房期房销售面积_累计值(万平方米),92217.1264
2022-11-01,全国,商品房期房销售面积_累计值(万平方米),100699.094
2022-12-01,全国,商品房期房销售面积_累计值(万平方米),112327.7612
2023-01-01,全国,商品房期房销售面积_累计值(万平方米),
2023-02-01,全国,商品房期房销售面积_累计值(万平方米),12253.1232
2023-03-01,全国,商品房期房销售面积_累计值(万平方米),23938.0313
2023-04-01,全国,商品房期房销售面积_累计值(万平方米),30129.9703
2023-05-01,全国,商品房期房销售面积_累计值(万平方米),37240.4375
2023-06-01,全国,商品房期房销售面积_累计值(万平方米),47458.3601
2023-07-01,全国,商品房期房销售面积_累计值(万平方米),52917.9804
2023-08-01,全国,商品房期房销售面积_累计值(万平方米),58503.9799
2023-09-01,全国,商品房期房销售面积_累计值(万平方米),66708.148
2023-10-01,全国,商品房期房销售面积_累计值(万平方米),72653.4604
2023-11-01,全国,商品房期房销售面积_累计值(万平方米),78608.0178
2023-12-01,全国,商品房期房销售面积_累计值(万平方米),86579.14
2024-01-01,全国,商品房期房销售面积_累计值(万平方米),
2024-02-01,全国,商品房期房销售面积_累计值(万平方米),7899.4066
2024-03-01,全国,商品房期房销售面积_累计值(万平方米),15729.2125
2024-04-01,全国,商品房期房销售面积_累计值(万平方米),20276.373
2024-05-01,全国,商品房期房销售面积_累计值(万平方米),25430.8486
2024-06-01,全国,商品房期房销售面积_累计值(万平方米),33305.9491
2024-07-01,全国,商品房期房销售面积_累计值(万平方米),37721.894
2024-08-01,全国,商品房期房销售面积_累计值(万平方米),42277.0012
2024-09-01,全国,商品房期房销售面积_累计值(万平方米),48908.1479
2024-10-01,全国,商品房期房销售面积_累计值(万平方米),54260.5159
2024-11-01,全国,商品房期房销售面积_累计值(万平方米),59970.75
2024-12-01,全国,商品房期房销售面积_累计值(万平方米),67353.0896
2025-01-01,全国,商品房期房销售面积_累计值(万平方米),
2025-02-01,全国,商品房期房销售面积_累计值(万平方米),6940.0149
2025-03-01,全国,商品房期房销售面积_累计值(万平方米),13996.0567
2025-04-01,全国,商品房期房销售面积_累计值(万平方米),18158.8
2025-05-01,全国,商品房期房销售面积_累计值(万平方米),22728.13
2025-06-01,全国,商品房期房销售面积_累计值(万平方米),29552.42
2025-07-01,全国,商品房期房销售面积_累计值(万平方米),33281.86
2025-08-01,全国,商品房期房销售面积_累计值(万平方米),37013.77
2025-09-01,全国,商品房期房销售面积_累计值(万平方米),42528.86
2025-10-01,全国,商品房期房销售面积_累计值(万平方米),46536.5
2025-11-01,全国,商品房期房销售面积_累计值(万平方米),50810.07
2025-12-01,全国,商品房期房销售面积_累计值(万平方米),56462.48
2026-01-01,全国,商品房期房销售面积_累计值(万平方米),
2015-01-01,全国,商品房期房销售面积_累计增长(%),
2015-02-01,全国,商品房期房销售面积_累计增长(%),-16.9
2015-03-01,全国,商品房期房销售面积_累计增长(%),-9.6
2015-04-01,全国,商品房期房销售面积_累计增长(%),-4.6
2015-05-01,全国,商品房期房销售面积_累计增长(%),-0.5
2015-06-01,全国,商品房期房销售面积_累计增长(%),4.0
2015-07-01,全国,商品房期房销售面积_累计增长(%),6.2
2015-08-01,全国,商品房期房销售面积_累计增长(%),7.4
2015-09-01,全国,商品房期房销售面积_累计增长(%),7.1
2015-10-01,全国,商品房期房销售面积_累计增长(%),6.8
2015-11-01,全国,商品房期房销售面积_累计增长(%),6.6
2015-12-01,全国,商品房期房销售面积_累计增长(%),5.5
2016-01-01,全国,商品房期房销售面积_累计增长(%),
2016-02-01,全国,商品房期房销售面积_累计增长(%),25.7
2016-03-01,全国,商品房期房销售面积_累计增长(%),31.4
2016-04-01,全国,商品房期房销售面积_累计增长(%),34.4
2016-05-01,全国,商品房期房销售面积_累计增长(%),31.0
2016-06-01,全国,商品房期房销售面积_累计增长(%),26.1
2016-07-01,全国,商品房期房销售面积_累计增长(%),24.7
2016-08-01,全国,商品房期房销售面积_累计增长(%),23.9
2016-09-01,全国,商品房期房销售面积_累计增长(%),26.0
2016-10-01,全国,商品房期房销售面积_累计增长(%),26.2
2016-11-01,全国,商品房期房销售面积_累计增长(%),23.7
2016-12-01,全国,商品房期房销售面积_累计增长(%),21.9
2017-01-01,全国,商品房期房销售面积_累计增长(%),
2017-02-01,全国,商品房期房销售面积_累计增长(%),26.2
2017-03-01,全国,商品房期房销售面积_累计增长(%),20.0
2017-04-01,全国,商品房期房销售面积_累计增长(%),16.3
2017-05-01,全国,商品房期房销售面积_累计增长(%),15.0
2017-06-01,全国,商品房期房销售面积_累计增长(%),16.4
2017-07-01,全国,商品房期房销售面积_累计增长(%),14.3
2017-08-01,全国,商品房期房销售面积_累计增长(%),13.0
2017-09-01,全国,商品房期房销售面积_累计增长(%),10.7
2017-10-01,全国,商品房期房销售面积_累计增长(%),8.5
2017-11-01,全国,商品房期房销售面积_累计增长(%),8.9
2017-12-01,全国,商品房期房销售面积_累计增长(%),9.6
2018-01-01,全国,商品房期房销售面积_累计增长(%),
2018-02-01,全国,商品房期房销售面积_累计增长(%),11.1
2018-03-01,全国,商品房期房销售面积_累计增长(%),10.2
2018-04-01,全国,商品房期房销售面积_累计增长(%),7.5
2018-05-01,全国,商品房期房销售面积_累计增长(%),9.7
2018-06-01,全国,商品房期房销售面积_累计增长(%),10.2
2018-07-01,全国,商品房期房销售面积_累计增长(%),11.2
2018-08-01,全国,商品房期房销售面积_累计增长(%),11.2
2018-09-01,全国,商品房期房销售面积_累计增长(%),10.2
2018-10-01,全国,商品房期房销售面积_累计增长(%),9.8
2018-11-01,全国,商品房期房销售面积_累计增长(%),9.1
2018-12-01,全国,商品房期房销售面积_累计增长(%),8.7
2019-01-01,全国,商品房期房销售面积_累计增长(%),
2019-02-01,全国,商品房期房销售面积_累计增长(%),-0.5
2019-03-01,全国,商品房期房销售面积_累计增长(%),3.2
2019-04-01,全国,商品房期房销售面积_累计增长(%),4.3
2019-05-01,全国,商品房期房销售面积_累计增长(%),2.6
2019-06-01,全国,商品房期房销售面积_累计增长(%),2.5
2019-07-01,全国,商品房期房销售面积_累计增长(%),3.3
2019-08-01,全国,商品房期房销售面积_累计增长(%),4.0
2019-09-01,全国,商品房期房销售面积_累计增长(%),4.5
2019-10-01,全国,商品房期房销售面积_累计增长(%),4.6
2019-11-01,全国,商品房期房销售面积_累计增长(%),4.4
2019-12-01,全国,商品房期房销售面积_累计增长(%),4.3
2020-01-01,全国,商品房期房销售面积_累计增长(%),
2020-02-01,全国,商品房期房销售面积_累计增长(%),-38.9
2020-03-01,全国,商品房期房销售面积_累计增长(%),-24.8
2020-04-01,全国,商品房期房销售面积_累计增长(%),-17.7
2020-05-01,全国,商品房期房销售面积_累计增长(%),-10.3
2020-06-01,全国,商品房期房销售面积_累计增长(%),-5.9
2020-07-01,全国,商品房期房销售面积_累计增长(%),-3.4
2020-08-01,全国,商品房期房销售面积_累计增长(%),-1.0
2020-09-01,全国,商品房期房销售面积_累计增长(%),0.4
2020-10-01,全国,商品房期房销售面积_累计增长(%),2.2
2020-11-01,全国,商品房期房销售面积_累计增长(%),3.3
2020-12-01,全国,商品房期房销售面积_累计增长(%),4.8
2021-01-01,全国,商品房期房销售面积_累计增长(%),
2021-02-01,全国,商品房期房销售面积_累计增长(%),109.9
2021-03-01,全国,商品房期房销售面积_累计增长(%),68.4
2021-04-01,全国,商品房期房销售面积_累计增长(%),51.6
2021-05-01,全国,商品房期房销售面积_累计增长(%),39.5
2021-06-01,全国,商品房期房销售面积_累计增长(%),30.0
2021-07-01,全国,商品房期房销售面积_累计增长(%),23.3
2021-08-01,全国,商品房期房销售面积_累计增长(%),17.2
2021-09-01,全国,商品房期房销售面积_累计增长(%),12.1
2021-10-01,全国,商品房期房销售面积_累计增长(%),7.7
2021-11-01,全国,商品房期房销售面积_累计增长(%),5.0
2021-12-01,全国,商品房期房销售面积_累计增长(%),1.6
2022-01-01,全国,商品房期房销售面积_累计增长(%),
2022-02-01,全国,商品房期房销售面积_累计增长(%),-14.1
2022-03-01,全国,商品房期房销售面积_累计增长(%),-18.4
2022-04-01,全国,商品房期房销售面积_累计增长(%),-25.4
2022-05-01,全国,商品房期房销售面积_累计增长(%),-28.2
2022-06-01,全国,商品房期房销售面积_累计增长(%),-27.3
2022-07-01,全国,商品房期房销售面积_累计增长(%),-27.9
2022-08-01,全国,商品房期房销售面积_累计增长(%),-27.8
2022-09-01,全国,商品房期房销售面积_累计增长(%),-26.7
2022-10-01,全国,商品房期房销售面积_累计增长(%),-26.6
2022-11-01,全国,商品房期房销售面积_累计增长(%),-27.3
2022-12-01,全国,商品房期房销售面积_累计增长(%),-28.1
2023-01-01,全国,商品房期房销售面积_累计增长(%),
2023-02-01,全国,商品房期房销售面积_累计增长(%),-6.5
2023-03-01,全国,商品房期房销售面积_累计增长(%),-6.0
2023-04-01,全国,商品房期房销售面积_累计增长(%),-4.3
2023-05-01,全国,商品房期房销售面积_累计增长(%),-4.4
2023-06-01,全国,商品房期房销售面积_累计增长(%),-8.6
2023-07-01,全国,商品房期房销售面积_累计增长(%),-10.1
2023-08-01,全国,商品房期房销售面积_累计增长(%),-11.2
2023-09-01,全国,商品房期房销售面积_累计增长(%),-12.1
2023-10-01,全国,商品房期房销售面积_累计增长(%),-12.7
2023-11-01,全国,商品房期房销售面积_累计增长(%),-13.2
2023-12-01,全国,商品房期房销售面积_累计增长(%),-14.1
2024-01-01,全国,商品房期房销售面积_累计增长(%),
2024-02-01,全国,商品房期房销售面积_累计增长(%),-31.8
2024-03-01,全国,商品房期房销售面积_累计增长(%),-30.0
2024-04-01,全国,商品房期房销售面积_累计增长(%),-30.9
2024-05-01,全国,商品房期房销售面积_累计增长(%),-31.0
2024-06-01,全国,商品房期房销售面积_累计增长(%),-29.4
2024-07-01,全国,商品房期房销售面积_累计增长(%),-28.6
2024-08-01,全国,商品房期房销售面积_累计增长(%),-27.7
2024-09-01,全国,商品房期房销售面积_累计增长(%),-26.7
2024-10-01,全国,商品房期房销售面积_累计增长(%),-25.3
2024-11-01,全国,商品房期房销售面积_累计增长(%),-23.7
2024-12-01,全国,商品房期房销售面积_累计增长(%),-22.2
2025-01-01,全国,商品房期房销售面积_累计增长(%),
2025-02-01,全国,商品房期房销售面积_累计增长(%),-11.8
2025-03-01,全国,商品房期房销售面积_累计增长(%),-10.5
2025-04-01,全国,商品房期房销售面积_累计增长(%),-9.9
2025-05-01,全国,商品房期房销售面积_累计增长(%),-10.0
2025-06-01,全国,商品房期房销售面积_累计增长(%),-10.6
2025-07-01,全国,商品房期房销售面积_累计增长(%),-11.1
2025-08-01,全国,商品房期房销售面积_累计增长(%),-11.8
2025-09-01,全国,商品房期房销售面积_累计增长(%),-12.3
2025-10-01,全国,商品房期房销售面积_累计增长(%),-13.5
2025-11-01,全国,商品房期房销售面积_累计增长(%),-14.5
2025-12-01,全国,商品房期房销售面积_累计增长(%),-15.4
2026-01-01,全国,商品房期房销售面积_累计增长(%),
2015-01-01,全国,商品房现房销售面积_累计值(万平方米),
2015-02-01,全国,商品房现房销售面积_累计值(万平方米),1984.1988
2015-03-01,全国,商品房现房销售面积_累计值(万平方米),4229.5033
2015-04-01,全国,商品房现房销售面积_累计值(万平方米),6035.3049
2015-05-01,全国,商品房现房销售面积_累计值(万平方米),8226.6141
2015-06-01,全国,商品房现房销售面积_累计值(万平方米),11623.8698
2015-07-01,全国,商品房现房销售面积_累计值(万平方米),13829.0345
2015-08-01,全国,商品房现房销售面积_累计值(万平方米),15990.5749
2015-09-01,全国,商品房现房销售面积_累计值(万平方米),19416.0139
2015-10-01,全国,商品房现房销售面积_累计值(万平方米),22259.1083
2015-11-01,全国,商品房现房销售面积_累计值(万平方米),26043.3121
2015-12-01,全国,商品房现房销售面积_累计值(万平方米),31702.6099
2016-01-01,全国,商品房现房销售面积_累计值(万平方米),
2016-02-01,全国,商品房现房销售面积_累计值(万平方米),2715.069
2016-03-01,全国,商品房现房销售面积_累计值(万平方米),5874.0371
2016-04-01,全国,商品房现房销售面积_累计值(万平方米),8653.0071
2016-05-01,全国,商品房现房销售面积_累计值(万平方米),11574.7432
2016-06-01,全国,商品房现房销售面积_累计值(万平方米),15575.4011
2016-07-01,全国,商品房现房销售面积_累计值(万平方米),18307.1935
2016-08-01,全国,商品房现房销售面积_累计值(万平方米),20940.6889
2016-09-01,全国,商品房现房销售面积_累计值(万平方米),25183.5161
2016-10-01,全国,商品房现房销售面积_累计值(万平方米),28698.1683
2016-11-01,全国,商品房现房销售面积_累计值(万平方米),32939.5447
2016-12-01,全国,商品房现房销售面积_累计值(万平方米),39322.1399
2017-01-01,全国,商品房现房销售面积_累计值(万平方米),
2017-02-01,全国,商品房现房销售面积_累计值(万平方米),3301.3491
2017-03-01,全国,商品房现房销售面积_累计值(万平方米),6930.6046
2017-04-01,全国,商品房现房销售面积_累计值(万平方米),9840.6922
2017-05-01,全国,商品房现房销售面积_累计值(万平方米),12986.5868
2017-06-01,全国,商品房现房销售面积_累计值(万平方米),17919.2935
2017-07-01,全国,商品房现房销售面积_累计值(万平方米),20660.2025
2017-08-01,全国,商品房现房销售面积_累计值(万平方米),23388.7069
2017-09-01,全国,商品房现房销售面积_累计值(万平方米),27468.999
2017-10-01,全国,商品房现房销售面积_累计值(万平方米),30789.1835
2017-11-01,全国,商品房现房销售面积_累计值(万平方米),34548.2943
2017-12-01,全国,商品房现房销售面积_累计值(万平方米),39994.7672
2018-01-01,全国,商品房现房销售面积_累计值(万平方米),
2018-02-01,全国,商品房现房销售面积_累计值(万平方米),2685.119
2018-03-01,全国,商品房现房销售面积_累计值(万平方米),5731.821
2018-04-01,全国,商品房现房销售面积_累计值(万平方米),7983.5822
2018-05-01,全国,商品房现房销售面积_累计值(万平方米),10518.3988
2018-06-01,全国,商品房现房销售面积_累计值(万平方米),14592.3921
2018-07-01,全国,商品房现房销售面积_累计值(万平方米),16959.0172
2018-08-01,全国,商品房现房销售面积_累计值(万平方米),18923.7518
2018-09-01,全国,商品房现房销售面积_累计值(万平方米),21763.3876
2018-10-01,全国,商品房现房销售面积_累计值(万平方米),23906.022
2018-11-01,全国,商品房现房销售面积_累计值(万平方米),26394.3527
2018-12-01,全国,商品房现房销售面积_累计值(万平方米),31044.0865
2019-01-01,全国,商品房现房销售面积_累计值(万平方米),
2019-02-01,全国,商品房现房销售面积_累计值(万平方米),2214.8339
2019-03-01,全国,商品房现房销售面积_累计值(万平方米),4695.8626
2019-04-01,全国,商品房现房销售面积_累计值(万平方米),6418.527
2019-05-01,全国,商品房现房销售面积_累计值(万平方米),8425.0837
2019-06-01,全国,商品房现房销售面积_累计值(万平方米),11686.9685
2019-07-01,全国,商品房现房销售面积_累计值(万平方米),13378.8305
2019-08-01,全国,商品房现房销售面积_累计值(万平方米),14978.3129
2019-09-01,全国,商品房现房销售面积_累计值(万平方米),17215.8072
2019-10-01,全国,商品房现房销售面积_累计值(万平方米),19037.4396
2019-11-01,全国,商品房现房销售面积_累计值(万平方米),21294.0196
2019-12-01,全国,商品房现房销售面积_累计值(万平方米),24893.737
2020-01-01,全国,商品房现房销售面积_累计值(万平方米),
2020-02-01,全国,商品房现房销售面积_累计值(万平方米),1208.2799
2020-03-01,全国,商品房现房销售面积_累计值(万平方米),3088.3215
2020-04-01,全国,商品房现房销售面积_累计值(万平方米),4611.1997
2020-05-01,全国,商品房现房销售面积_累计值(万平方米),6482.6849
2020-06-01,全国,商品房现房销售面积_累计值(万平方米),9111.241
2020-07-01,全国,商品房现房销售面积_累计值(万平方米),10813.6123
2020-08-01,全国,商品房现房销售面积_累计值(万平方米),12446.3909
2020-09-01,全国,商品房现房销售面积_累计值(万平方米),14711.1653
2020-10-01,全国,商品房现房销售面积_累计值(万平方米),16618.0975
2020-11-01,全国,商品房现房销售面积_累计值(万平方米),18993.881
2020-12-01,全国,商品房现房销售面积_累计值(万平方米),22386.493
2021-01-01,全国,商品房现房销售面积_累计值(万平方米),
2021-02-01,全国,商品房现房销售面积_累计值(万平方米),2112.0911
2021-03-01,全国,商品房现房销售面积_累计值(万平方米),4201.4551
2021-04-01,全国,商品房现房销售面积_累计值(万平方米),5781.0977
2021-05-01,全国,商品房现房销售面积_累计值(万平方米),7495.5221
2021-06-01,全国,商品房现房销售面积_累计值(万平方米),10234.0701
2021-07-01,全国,商品房现房销售面积_累计值(万平方米),11832.0621
2021-08-01,全国,商品房现房销售面积_累计值(万平方米),13343.6763
2021-09-01,全国,商品房现房销售面积_累计值(万平方米),15602.8847
2021-10-01,全国,商品房现房销售面积_累计值(万平方米),17335.0514
2021-11-01,全国,商品房现房销售面积_累计值(万平方米),19640.9664
2021-12-01,全国,商品房现房销售面积_累计值(万平方米),23312.6914
2022-01-01,全国,商品房现房销售面积_累计值(万平方米),
2022-02-01,全国,商品房现房销售面积_累计值(万平方米),2598.2786
2022-03-01,全国,商品房现房销售面积_累计值(万平方米),5094.4381
2022-04-01,全国,商品房现房销售面积_累计值(万平方米),6566.8774
2022-05-01,全国,商品房现房销售面积_累计值(万平方米),8486.0411
2022-06-01,全国,商品房现房销售面积_累计值(万平方米),11904.3403
2022-07-01,全国,商品房现房销售面积_累计值(万平方米),13433.0085
2022-08-01,全国,商品房现房销售面积_累计值(万平方米),15108.9325
2022-09-01,全国,商品房现房销售面积_累计值(万平方米),17371.1215
2022-10-01,全国,商品房现房销售面积_累计值(万平方米),18962.1604
2022-11-01,全国,商品房现房销售面积_累计值(万平方米),20550.989
2022-12-01,全国,商品房现房销售面积_累计值(万平方米),23509.133
2023-01-01,全国,商品房现房销售面积_累计值(万平方米),
2023-02-01,全国,商品房现房销售面积_累计值(万平方米),2879.7157
2023-03-01,全国,商品房现房销售面积_累计值(万平方米),6007.7118
2023-04-01,全国,商品房现房销售面积_累计值(万平方米),7505.9046
2023-05-01,全国,商品房现房销售面积_累计值(万平方米),9199.5759
2023-06-01,全国,商品房现房销售面积_累计值(万平方米),12056.357
2023-07-01,全国,商品房现房销售面积_累计值(万平方米),13644.8856
2023-08-01,全国,商品房现房销售面积_累计值(万平方米),15444.6375
2023-09-01,全国,商品房现房销售面积_累计值(万平方米),18097.5602
2023-10-01,全国,商品房现房销售面积_累计值(万平方米),19925.079
2023-11-01,全国,商品房现房销售面积_累计值(万平方米),21900.6921
2023-12-01,全国,商品房现房销售面积_累计值(万平方米),25155.9977
2024-01-01,全国,商品房现房销售面积_累计值(万平方米),
2024-02-01,全国,商品房现房销售面积_累计值(万平方米),3469.4521
2024-03-01,全国,商品房现房销售面积_累计值(万平方米),6938.3132
2024-04-01,全国,商品房现房销售面积_累计值(万平方米),8975.4699
2024-05-01,全国,商品房现房销售面积_累计值(万平方米),11211.213
2024-06-01,全国,商品房现房销售面积_累计值(万平方米),14610.2873
2024-07-01,全国,商品房现房销售面积_累计值(万平方米),16427.0491
2024-08-01,全国,商品房现房销售面积_累计值(万平方米),18324.8916
2024-09-01,全国,商品房现房销售面积_累计值(万平方米),21375.8855
2024-10-01,全国,商品房现房销售面积_累计值(万平方米),23669.6424
2024-11-01,全国,商品房现房销售面积_累计值(万平方米),26147.2032
2024-12-01,全国,商品房现房销售面积_累计值(万平方米),30031.9223
2025-01-01,全国,商品房现房销售面积_累计值(万平方米),
2025-02-01,全国,商品房现房销售面积_累计值(万平方米),3805.9005
2025-03-01,全国,商品房现房销售面积_累计值(万平方米),7873.2924
2025-04-01,全国,商品房现房销售面积_累计值(万平方米),10102.94
2025-05-01,全国,商品房现房销售面积_累计值(万平方米),12587.06
2025-06-01,全国,商品房现房销售面积_累计值(万平方米),16298.13
2025-07-01,全国,商品房现房销售面积_累计值(万平方米),18277.9
2025-08-01,全国,商品房现房销售面积_累计值(万平方米),20290.15
2025-09-01,全国,商品房现房销售面积_累计值(万平方米),23305.93
2025-10-01,全国,商品房现房销售面积_累计值(万平方米),25445.5
2025-11-01,全国,商品房现房销售面积_累计值(万平方米),27891.67
2025-12-01,全国,商品房现房销售面积_累计值(万平方米),31638.89
2026-01-01,全国,商品房现房销售面积_累计值(万平方米),
2015-01-01,全国,商品房现房销售面积_累计增长(%),
2015-02-01,全国,商品房现房销售面积_累计增长(%),-13.9
2015-03-01,全国,商品房现房销售面积_累计增长(%),-8.1
2015-04-01,全国,商品房现房销售面积_累计增长(%),-5.3
2015-05-01,全国,商品房现房销售面积_累计增长(%),0.8
2015-06-01,全国,商品房现房销售面积_累计增长(%),3.8
2015-07-01,全国,商品房现房销售面积_累计增长(%),5.8
2015-08-01,全国,商品房现房销售面积_累计增长(%),6.5
2015-09-01,全国,商品房现房销售面积_累计增长(%),8.7
2015-10-01,全国,商品房现房销售面积_累计增长(%),8.8
2015-11-01,全国,商品房现房销售面积_累计增长(%),10.2
2015-12-01,全国,商品房现房销售面积_累计增长(%),9.8
2016-01-01,全国,商品房现房销售面积_累计增长(%),
2016-02-01,全国,商品房现房销售面积_累计增长(%),36.8
2016-03-01,全国,商品房现房销售面积_累计增长(%),38.9
2016-04-01,全国,商品房现房销售面积_累计增长(%),43.4
2016-05-01,全国,商品房现房销售面积_累计增长(%),40.7
2016-06-01,全国,商品房现房销售面积_累计增长(%),34.0
2016-07-01,全国,商品房现房销售面积_累计增长(%),32.4
2016-08-01,全国,商品房现房销售面积_累计增长(%),31.0
2016-09-01,全国,商品房现房销售面积_累计增长(%),29.7
2016-10-01,全国,商品房现房销售面积_累计增长(%),28.9
2016-11-01,全国,商品房现房销售面积_累计增长(%),26.5
2016-12-01,全国,商品房现房销售面积_累计增长(%),24.0
2017-01-01,全国,商品房现房销售面积_累计增长(%),
2017-02-01,全国,商品房现房销售面积_累计增长(%),21.6
2017-03-01,全国,商品房现房销售面积_累计增长(%),18.0
2017-04-01,全国,商品房现房销售面积_累计增长(%),13.7
2017-05-01,全国,商品房现房销售面积_累计增长(%),12.2
2017-06-01,全国,商品房现房销售面积_累计增长(%),15.0
2017-07-01,全国,商品房现房销售面积_累计增长(%),12.9
2017-08-01,全国,商品房现房销售面积_累计增长(%),11.7
2017-09-01,全国,商品房现房销售面积_累计增长(%),9.1
2017-10-01,全国,商品房现房销售面积_累计增长(%),7.3
2017-11-01,全国,商品房现房销售面积_累计增长(%),4.9
2017-12-01,全国,商品房现房销售面积_累计增长(%),1.7
2018-01-01,全国,商品房现房销售面积_累计增长(%),
2018-02-01,全国,商品房现房销售面积_累计增长(%),-18.7
2018-03-01,全国,商品房现房销售面积_累计增长(%),-17.3
2018-04-01,全国,商品房现房销售面积_累计增长(%),-18.9
2018-05-01,全国,商品房现房销售面积_累计增长(%),-19.0
2018-06-01,全国,商品房现房销售面积_累计增长(%),-18.6
2018-07-01,全国,商品房现房销售面积_累计增长(%),-17.9
2018-08-01,全国,商品房现房销售面积_累计增长(%),-19.1
2018-09-01,全国,商品房现房销售面积_累计增长(%),-20.8
2018-10-01,全国,商品房现房销售面积_累计增长(%),-22.4
2018-11-01,全国,商品房现房销售面积_累计增长(%),-23.6
2018-12-01,全国,商品房现房销售面积_累计增长(%),-22.4
2019-01-01,全国,商品房现房销售面积_累计增长(%),
2019-02-01,全国,商品房现房销售面积_累计增长(%),-17.5
2019-03-01,全国,商品房现房销售面积_累计增长(%),-18.1
2019-04-01,全国,商品房现房销售面积_累计增长(%),-19.6
2019-05-01,全国,商品房现房销售面积_累计增长(%),-19.9
2019-06-01,全国,商品房现房销售面积_累计增长(%),-19.9
2019-07-01,全国,商品房现房销售面积_累计增长(%),-21.1
2019-08-01,全国,商品房现房销售面积_累计增长(%),-20.8
2019-09-01,全国,商品房现房销售面积_累计增长(%),-20.9
2019-10-01,全国,商品房现房销售面积_累计增长(%),-20.4
2019-11-01,全国,商品房现房销售面积_累计增长(%),-19.3
2019-12-01,全国,商品房现房销售面积_累计增长(%),-19.8
2020-01-01,全国,商品房现房销售面积_累计增长(%),
2020-02-01,全国,商品房现房销售面积_累计增长(%),-45.4
2020-03-01,全国,商品房现房销售面积_累计增长(%),-34.2
2020-04-01,全国,商品房现房销售面积_累计增长(%),-28.2
2020-05-01,全国,商品房现房销售面积_累计增长(%),-23.1
2020-06-01,全国,商品房现房销售面积_累计增长(%),-22.0
2020-07-01,全国,商品房现房销售面积_累计增长(%),-19.2
2020-08-01,全国,商品房现房销售面积_累计增长(%),-16.9
2020-09-01,全国,商品房现房销售面积_累计增长(%),-14.5
2020-10-01,全国,商品房现房销售面积_累计增长(%),-12.7
2020-11-01,全国,商品房现房销售面积_累计增长(%),-10.8
2020-12-01,全国,商品房现房销售面积_累计增长(%),-10.1
2021-01-01,全国,商品房现房销售面积_累计增长(%),
2021-02-01,全国,商品房现房销售面积_累计增长(%),74.8
2021-03-01,全国,商品房现房销售面积_累计增长(%),36.0
2021-04-01,全国,商品房现房销售面积_累计增长(%),25.4
2021-05-01,全国,商品房现房销售面积_累计增长(%),15.6
2021-06-01,全国,商品房现房销售面积_累计增长(%),12.3
2021-07-01,全国,商品房现房销售面积_累计增长(%),9.4
2021-08-01,全国,商品房现房销售面积_累计增长(%),7.2
2021-09-01,全国,商品房现房销售面积_累计增长(%),6.1
2021-10-01,全国,商品房现房销售面积_累计增长(%),4.3
2021-11-01,全国,商品房现房销售面积_累计增长(%),3.4
2021-12-01,全国,商品房现房销售面积_累计增长(%),4.1
2022-01-01,全国,商品房现房销售面积_累计增长(%),
2022-02-01,全国,商品房现房销售面积_累计增长(%),23.0
2022-03-01,全国,商品房现房销售面积_累计增长(%),21.3
2022-04-01,全国,商品房现房销售面积_累计增长(%),13.6
2022-05-01,全国,商品房现房销售面积_累计增长(%),13.2
2022-06-01,全国,商品房现房销售面积_累计增长(%),16.3
2022-07-01,全国,商品房现房销售面积_累计增长(%),13.5
2022-08-01,全国,商品房现房销售面积_累计增长(%),13.2
2022-09-01,全国,商品房现房销售面积_累计增长(%),11.3
2022-10-01,全国,商品房现房销售面积_累计增长(%),9.4
2022-11-01,全国,商品房现房销售面积_累计增长(%),4.6
2022-12-01,全国,商品房现房销售面积_累计增长(%),0.8
2023-01-01,全国,商品房现房销售面积_累计增长(%),
2023-02-01,全国,商品房现房销售面积_累计增长(%),10.8
2023-03-01,全国,商品房现房销售面积_累计增长(%),19.1
2023-04-01,全国,商品房现房销售面积_累计增长(%),19.6
2023-05-01,全国,商品房现房销售面积_累计增长(%),16.3
2023-06-01,全国,商品房现房销售面积_累计增长(%),10.3
2023-07-01,全国,商品房现房销售面积_累计增长(%),10.7
2023-08-01,全国,商品房现房销售面积_累计增长(%),12.5
2023-09-01,全国,商品房现房销售面积_累计增长(%),14.7
2023-10-01,全国,商品房现房销售面积_累计增长(%),15.6
2023-11-01,全国,商品房现房销售面积_累计增长(%),17.4
2023-12-01,全国,商品房现房销售面积_累计增长(%),18.0
2024-01-01,全国,商品房现房销售面积_累计增长(%),
2024-02-01,全国,商品房现房销售面积_累计增长(%),27.0
2024-03-01,全国,商品房现房销售面积_累计增长(%),22.6
2024-04-01,全国,商品房现房销售面积_累计增长(%),22.8
2024-05-01,全国,商品房现房销售面积_累计增长(%),23.0
2024-06-01,全国,商品房现房销售面积_累计增长(%),21.7
2024-07-01,全国,商品房现房销售面积_累计增长(%),20.5
2024-08-01,全国,商品房现房销售面积_累计增长(%),18.6
2024-09-01,全国,商品房现房销售面积_累计增长(%),18.1
2024-10-01,全国,商品房现房销售面积_累计增长(%),18.8
2024-11-01,全国,商品房现房销售面积_累计增长(%),19.4
2024-12-01,全国,商品房现房销售面积_累计增长(%),19.1
2025-01-01,全国,商品房现房销售面积_累计增长(%),
2025-02-01,全国,商品房现房销售面积_累计增长(%),10.0
2025-03-01,全国,商品房现房销售面积_累计增长(%),14.3
2025-04-01,全国,商品房现房销售面积_累计增长(%),13.4
2025-05-01,全国,商品房现房销售面积_累计增长(%),13.2
2025-06-01,全国,商品房现房销售面积_累计增长(%),12.5
2025-07-01,全国,商品房现房销售面积_累计增长(%),12.2
2025-08-01,全国,商品房现房销售面积_累计增长(%),11.7
2025-09-01,全国,商品房现房销售面积_累计增长(%),9.9
2025-10-01,全国,商品房现房销售面积_累计增长(%),8.5
2025-11-01,全国,商品房现房销售面积_累计增长(%),7.7
2025-12-01,全国,商品房现房销售面积_累计增长(%),6.4
2026-01-01,全国,商品房现房销售面积_累计增长(%),
2015-01-01,全国,商品房销售面积_累计值(万平方米),
2015-02-01,全国,商品房销售面积_累计值(万平方米),8763.8947
2015-03-01,全国,商品房销售面积_累计值(万平方米),18254.4408
2015-04-01,全国,商品房销售面积_累计值(万平方米),26384.5683
2015-05-01,全国,商品房销售面积_累计值(万平方米),35996.3809
2015-06-01,全国,商品房销售面积_累计值(万平方米),50263.6392
2015-07-01,全国,商品房销售面积_累计值(万平方米),59914.4209
2015-08-01,全国,商品房销售面积_累计值(万平方米),69674.9581
2015-09-01,全国,商品房销售面积_累计值(万平方米),82908.0
2015-10-01,全国,商品房销售面积_累计值(万平方米),94898.1213
2015-11-01,全国,商品房销售面积_累计值(万平方米),109252.7361
2015-12-01,全国,商品房销售面积_累计值(万平方米),128494.966
2016-01-01,全国,商品房销售面积_累计值(万平方米),
2016-02-01,全国,商品房销售面积_累计值(万平方米),11234.5581
2016-03-01,全国,商品房销售面积_累计值(万平方米),24299.2063
2016-04-01,全国,商品房销售面积_累计值(万平方米),36012.2433
2016-05-01,全国,商品房销售面积_累计值(万平方米),47954.2155
2016-06-01,全国,商品房销售面积_累计值(万平方米),64302.4933
2016-07-01,全国,商品房销售面积_累计值(万平方米),75760.1893
2016-08-01,全国,商品房销售面积_累计值(万平方米),87450.7747
2016-09-01,全国,商品房销售面积_累计值(万平方米),105184.5309
2016-10-01,全国,商品房销售面积_累计值(万平方米),120338.2785
2016-11-01,全国,商品房销售面积_累计值(万平方米),135829.485
2016-12-01,全国,商品房销售面积_累计值(万平方米),157349.0
2017-01-01,全国,商品房销售面积_累计值(万平方米),
2017-02-01,全国,商品房销售面积_累计值(万平方米),14054.3393
2017-03-01,全国,商品房销售面积_累计值(万平方米),29034.8485
2017-04-01,全国,商品房销售面积_累计值(万平方米),41655.1535
2017-05-01,全国,商品房销售面积_累计值(万平方米),54820.4995
2017-06-01,全国,商品房销售面积_累计值(万平方米),74661.7025
2017-07-01,全国,商品房销售面积_累计值(万平方米),86350.8887
2017-08-01,全国,商品房销售面积_累计值(万平方米),98539.0236
2017-09-01,全国,商品房销售面积_累计值(万平方米),116006.163
2017-10-01,全国,商品房销售面积_累计值(万平方米),130253.896
2017-11-01,全国,商品房销售面积_累计值(万平方米),146568.3193
2017-12-01,全国,商品房销售面积_累计值(万平方米),169407.8154
2018-01-01,全国,商品房销售面积_累计值(万平方米),
2018-02-01,全国,商品房销售面积_累计值(万平方米),14632.6386
2018-03-01,全国,商品房销售面积_累计值(万平方米),30088.4018
2018-04-01,全国,商品房销售面积_累计值(万平方米),42192.0576
2018-05-01,全国,商品房销售面积_累计值(万平方米),56409.0927
2018-06-01,全国,商品房销售面积_累计值(万平方米),77143.2816
2018-07-01,全国,商品房销售面积_累计值(万平方米),89989.5302
2018-08-01,全国,商品房销售面积_累计值(万平方米),102473.5269
2018-09-01,全国,商品房销售面积_累计值(万平方米),119312.7747
2018-10-01,全国,商品房销售面积_累计值(万平方米),133116.8536
2018-11-01,全国,商品房销售面积_累计值(万平方米),148603.9296
2018-12-01,全国,商品房销售面积_累计值(万平方米),171654.3616
2019-01-01,全国,商品房销售面积_累计值(万平方米),
2019-02-01,全国,商品房销售面积_累计值(万平方米),14102.145
2019-03-01,全国,商品房销售面积_累计值(万平方米),29828.941
2019-04-01,全国,商品房销售面积_累计值(万平方米),42085.4519
2019-05-01,全国,商品房销售面积_累计值(万平方米),55518.0532
2019-06-01,全国,商品房销售面积_累计值(万平方米),75785.5907
2019-07-01,全国,商品房销售面积_累计值(万平方米),88782.9143
2019-08-01,全国,商品房销售面积_累计值(万平方米),101848.5612
2019-09-01,全国,商品房销售面积_累计值(万平方米),119178.5328
2019-10-01,全国,商品房销售面积_累计值(万平方米),133250.6792
2019-11-01,全国,商品房销售面积_累计值(万平方米),148905.0175
2019-12-01,全国,商品房销售面积_累计值(万平方米),171557.8676
2020-01-01,全国,商品房销售面积_累计值(万平方米),
2020-02-01,全国,商品房销售面积_累计值(万平方米),8474.95
2020-03-01,全国,商品房销售面积_累计值(万平方米),21978.3239
2020-04-01,全国,商品房销售面积_累计值(万平方米),33972.5809
2020-05-01,全国,商品房销售面积_累计值(万平方米),48702.9687
2020-06-01,全国,商品房销售面积_累计值(万平方米),69403.6779
2020-07-01,全国,商品房销售面积_累计值(万平方米),83631.362
2020-08-01,全国,商品房销售面积_累计值(万平方米),98485.9545
2020-09-01,全国,商品房销售面积_累计值(万平方米),117072.6729
2020-10-01,全国,商品房销售面积_累计值(万平方米),133293.802
2020-11-01,全国,商品房销售面积_累计值(万平方米),150834.447
2020-12-01,全国,商品房销售面积_累计值(万平方米),176086.2217
2021-01-01,全国,商品房销售面积_累计值(万平方米),
2021-02-01,全国,商品房销售面积_累计值(万平方米),17363.1372
2021-03-01,全国,商品房销售面积_累计值(万平方米),36007.0483
2021-04-01,全国,商品房销售面积_累计值(万平方米),50305.004
2021-05-01,全国,商品房销售面积_累计值(万平方米),66383.3227
2021-06-01,全国,商品房销售面积_累计值(万平方米),88635.3483
2021-07-01,全国,商品房销售面积_累计值(万平方米),101648.1757
2021-08-01,全国,商品房销售面积_累计值(万平方米),114192.8088
2021-09-01,全国,商品房销售面积_累计值(万平方米),130331.7755
2021-10-01,全国,商品房销售面积_累计值(万平方米),143040.7145
2021-11-01,全国,商品房销售面积_累计值(万平方米),158130.7308
2021-12-01,全国,商品房销售面积_累计值(万平方米),179433.4099
2022-01-01,全国,商品房销售面积_累计值(万平方米),
2022-02-01,全国,商品房销售面积_累计值(万平方米),15702.6113
2022-03-01,全国,商品房销售面积_累计值(万平方米),31045.9632
2022-04-01,全国,商品房销售面积_累计值(万平方米),39768.1548
2022-05-01,全国,商品房销售面积_累计值(万平方米),50738.3783
2022-06-01,全国,商品房销售面积_累计值(万平方米),68923.0422
2022-07-01,全国,商品房销售面积_累计值(万平方米),78177.9699
2022-08-01,全国,商品房销售面积_累计值(万平方米),87890.4003
2022-09-01,全国,商品房销售面积_累计值(万平方米),101421.7191
2022-10-01,全国,商品房销售面积_累计值(万平方米),111179.2868
2022-11-01,全国,商品房销售面积_累计值(万平方米),121250.083
2022-12-01,全国,商品房销售面积_累计值(万平方米),135836.8942
2023-01-01,全国,商品房销售面积_累计值(万平方米),
2023-02-01,全国,商品房销售面积_累计值(万平方米),15132.8389
2023-03-01,全国,商品房销售面积_累计值(万平方米),29945.7431
2023-04-01,全国,商品房销售面积_累计值(万平方米),37635.8749
2023-05-01,全国,商品房销售面积_累计值(万平方米),46440.0134
2023-06-01,全国,商品房销售面积_累计值(万平方米),59514.7171
2023-07-01,全国,商品房销售面积_累计值(万平方米),66562.866
2023-08-01,全国,商品房销售面积_累计值(万平方米),73948.6174
2023-09-01,全国,商品房销售面积_累计值(万平方米),84805.7082
2023-10-01,全国,商品房销售面积_累计值(万平方米),92578.5394
2023-11-01,全国,商品房销售面积_累计值(万平方米),100508.7099
2023-12-01,全国,商品房销售面积_累计值(万平方米),111735.1377
2024-01-01,全国,商品房销售面积_累计值(万平方米),
2024-02-01,全国,商品房销售面积_累计值(万平方米),11368.8587
2024-03-01,全国,商品房销售面积_累计值(万平方米),22667.5257
2024-04-01,全国,商品房销售面积_累计值(万平方米),29251.8429
2024-05-01,全国,商品房销售面积_累计值(万平方米),36642.0616
2024-06-01,全国,商品房销售面积_累计值(万平方米),47916.2364
2024-07-01,全国,商品房销售面积_累计值(万平方米),54148.9431
2024-08-01,全国,商品房销售面积_累计值(万平方米),60601.8928
2024-09-01,全国,商品房销售面积_累计值(万平方米),70284.0334
2024-10-01,全国,商品房销售面积_累计值(万平方米),77930.1583
2024-11-01,全国,商品房销售面积_累计值(万平方米),86117.9532
2024-12-01,全国,商品房销售面积_累计值(万平方米),97385.0119
2025-01-01,全国,商品房销售面积_累计值(万平方米),
2025-02-01,全国,商品房销售面积_累计值(万平方米),10745.9154
2025-03-01,全国,商品房销售面积_累计值(万平方米),21869.3491
2025-04-01,全国,商品房销售面积_累计值(万平方米),28261.74
2025-05-01,全国,商品房销售面积_累计值(万平方米),35315.19
2025-06-01,全国,商品房销售面积_累计值(万平方米),45850.55
2025-07-01,全国,商品房销售面积_累计值(万平方米),51559.77
2025-08-01,全国,商品房销售面积_累计值(万平方米),57303.92
2025-09-01,全国,商品房销售面积_累计值(万平方米),65834.79
2025-10-01,全国,商品房销售面积_累计值(万平方米),71982.0
2025-11-01,全国,商品房销售面积_累计值(万平方米),78701.74
2025-12-01,全国,商品房销售面积_累计值(万平方米),88101.37
2026-01-01,全国,商品房销售面积_累计值(万平方米),
2015-01-01,全国,商品房销售面积_累计增长(%),
2015-02-01,全国,商品房销售面积_累计增长(%),-16.3
2015-03-01,全国,商品房销售面积_累计增长(%),-9.2
2015-04-01,全国,商品房销售面积_累计增长(%),-4.8
2015-05-01,全国,商品房销售面积_累计增长(%),-0.2
2015-06-01,全国,商品房销售面积_累计增长(%),3.9
2015-07-01,全国,商品房销售面积_累计增长(%),6.1
2015-08-01,全国,商品房销售面积_累计增长(%),7.2
2015-09-01,全国,商品房销售面积_累计增长(%),7.5
2015-10-01,全国,商品房销售面积_累计增长(%),7.2
2015-11-01,全国,商品房销售面积_累计增长(%),7.4
2015-12-01,全国,商品房销售面积_累计增长(%),6.5
2016-01-01,全国,商品房销售面积_累计增长(%),
2016-02-01,全国,商品房销售面积_累计增长(%),28.2
2016-03-01,全国,商品房销售面积_累计增长(%),33.1
2016-04-01,全国,商品房销售面积_累计增长(%),36.5
2016-05-01,全国,商品房销售面积_累计增长(%),33.2
2016-06-01,全国,商品房销售面积_累计增长(%),27.9
2016-07-01,全国,商品房销售面积_累计增长(%),26.4
2016-08-01,全国,商品房销售面积_累计增长(%),25.5
2016-09-01,全国,商品房销售面积_累计增长(%),26.9
2016-10-01,全国,商品房销售面积_累计增长(%),26.8
2016-11-01,全国,商品房销售面积_累计增长(%),24.3
2016-12-01,全国,商品房销售面积_累计增长(%),22.5
2017-01-01,全国,商品房销售面积_累计增长(%),
2017-02-01,全国,商品房销售面积_累计增长(%),25.1
2017-03-01,全国,商品房销售面积_累计增长(%),19.5
2017-04-01,全国,商品房销售面积_累计增长(%),15.7
2017-05-01,全国,商品房销售面积_累计增长(%),14.3
2017-06-01,全国,商品房销售面积_累计增长(%),16.1
2017-07-01,全国,商品房销售面积_累计增长(%),14.0
2017-08-01,全国,商品房销售面积_累计增长(%),12.7
2017-09-01,全国,商品房销售面积_累计增长(%),10.3
2017-10-01,全国,商品房销售面积_累计增长(%),8.2
2017-11-01,全国,商品房销售面积_累计增长(%),7.9
2017-12-01,全国,商品房销售面积_累计增长(%),7.7
2018-01-01,全国,商品房销售面积_累计增长(%),
2018-02-01,全国,商品房销售面积_累计增长(%),4.1
2018-03-01,全国,商品房销售面积_累计增长(%),3.6
2018-04-01,全国,商品房销售面积_累计增长(%),1.3
2018-05-01,全国,商品房销售面积_累计增长(%),2.9
2018-06-01,全国,商品房销售面积_累计增长(%),3.3
2018-07-01,全国,商品房销售面积_累计增长(%),4.2
2018-08-01,全国,商品房销售面积_累计增长(%),4.0
2018-09-01,全国,商品房销售面积_累计增长(%),2.9
2018-10-01,全国,商品房销售面积_累计增长(%),2.2
2018-11-01,全国,商品房销售面积_累计增长(%),1.4
2018-12-01,全国,商品房销售面积_累计增长(%),1.3
2019-01-01,全国,商品房销售面积_累计增长(%),
2019-02-01,全国,商品房销售面积_累计增长(%),-3.6
2019-03-01,全国,商品房销售面积_累计增长(%),-0.9
2019-04-01,全国,商品房销售面积_累计增长(%),-0.3
2019-05-01,全国,商品房销售面积_累计增长(%),-1.6
2019-06-01,全国,商品房销售面积_累计增长(%),-1.8
2019-07-01,全国,商品房销售面积_累计增长(%),-1.3
2019-08-01,全国,商品房销售面积_累计增长(%),-0.6
2019-09-01,全国,商品房销售面积_累计增长(%),-0.1
2019-10-01,全国,商品房销售面积_累计增长(%),0.1
2019-11-01,全国,商品房销售面积_累计增长(%),0.2
2019-12-01,全国,商品房销售面积_累计增长(%),-0.1
2020-01-01,全国,商品房销售面积_累计增长(%),
2020-02-01,全国,商品房销售面积_累计增长(%),-39.9
2020-03-01,全国,商品房销售面积_累计增长(%),-26.3
2020-04-01,全国,商品房销售面积_累计增长(%),-19.3
2020-05-01,全国,商品房销售面积_累计增长(%),-12.3
2020-06-01,全国,商品房销售面积_累计增长(%),-8.4
2020-07-01,全国,商品房销售面积_累计增长(%),-5.8
2020-08-01,全国,商品房销售面积_累计增长(%),-3.3
2020-09-01,全国,商品房销售面积_累计增长(%),-1.8
2020-10-01,全国,商品房销售面积_累计增长(%),0.0
2020-11-01,全国,商品房销售面积_累计增长(%),1.3
2020-12-01,全国,商品房销售面积_累计增长(%),2.6
2021-01-01,全国,商品房销售面积_累计增长(%),
2021-02-01,全国,商品房销售面积_累计增长(%),104.9
2021-03-01,全国,商品房销售面积_累计增长(%),63.8
2021-04-01,全国,商品房销售面积_累计增长(%),48.1
2021-05-01,全国,商品房销售面积_累计增长(%),36.3
2021-06-01,全国,商品房销售面积_累计增长(%),27.7
2021-07-01,全国,商品房销售面积_累计增长(%),21.5
2021-08-01,全国,商品房销售面积_累计增长(%),15.9
2021-09-01,全国,商品房销售面积_累计增长(%),11.3
2021-10-01,全国,商品房销售面积_累计增长(%),7.3
2021-11-01,全国,商品房销售面积_累计增长(%),4.8
2021-12-01,全国,商品房销售面积_累计增长(%),1.9
2022-01-01,全国,商品房销售面积_累计增长(%),
2022-02-01,全国,商品房销售面积_累计增长(%),-9.6
2022-03-01,全国,商品房销售面积_累计增长(%),-13.8
2022-04-01,全国,商品房销售面积_累计增长(%),-20.9
2022-05-01,全国,商品房销售面积_累计增长(%),-23.6
2022-06-01,全国,商品房销售面积_累计增长(%),-22.2
2022-07-01,全国,商品房销售面积_累计增长(%),-23.1
2022-08-01,全国,商品房销售面积_累计增长(%),-23.0
2022-09-01,全国,商品房销售面积_累计增长(%),-22.2
2022-10-01,全国,商品房销售面积_累计增长(%),-22.3
2022-11-01,全国,商品房销售面积_累计增长(%),-23.3
2022-12-01,全国,商品房销售面积_累计增长(%),-24.3
2023-01-01,全国,商品房销售面积_累计增长(%),
2023-02-01,全国,商品房销售面积_累计增长(%),-3.6
2023-03-01,全国,商品房销售面积_累计增长(%),-1.8
2023-04-01,全国,商品房销售面积_累计增长(%),-0.4
2023-05-01,全国,商品房销售面积_累计增长(%),-0.9
2023-06-01,全国,商品房销售面积_累计增长(%),-5.3
2023-07-01,全国,商品房销售面积_累计增长(%),-6.5
2023-08-01,全国,商品房销售面积_累计增长(%),-7.1
2023-09-01,全国,商品房销售面积_累计增长(%),-7.5
2023-10-01,全国,商品房销售面积_累计增长(%),-7.8
2023-11-01,全国,商品房销售面积_累计增长(%),-8.0
2023-12-01,全国,商品房销售面积_累计增长(%),-8.5
2024-01-01,全国,商品房销售面积_累计增长(%),
2024-02-01,全国,商品房销售面积_累计增长(%),-20.5
2024-03-01,全国,商品房销售面积_累计增长(%),-19.4
2024-04-01,全国,商品房销售面积_累计增长(%),-20.2
2024-05-01,全国,商品房销售面积_累计增长(%),-20.3
2024-06-01,全国,商品房销售面积_累计增长(%),-19.0
2024-07-01,全国,商品房销售面积_累计增长(%),-18.6
2024-08-01,全国,商品房销售面积_累计增长(%),-18.0
2024-09-01,全国,商品房销售面积_累计增长(%),-17.1
2024-10-01,全国,商品房销售面积_累计增长(%),-15.8
2024-11-01,全国,商品房销售面积_累计增长(%),-14.3
2024-12-01,全国,商品房销售面积_累计增长(%),-12.9
2025-01-01,全国,商品房销售面积_累计增长(%),
2025-02-01,全国,商品房销售面积_累计增长(%),-5.1
2025-03-01,全国,商品房销售面积_累计增长(%),-3.0
2025-04-01,全国,商品房销售面积_累计增长(%),-2.8
2025-05-01,全国,商品房销售面积_累计增长(%),-2.9
2025-06-01,全国,商品房销售面积_累计增长(%),-3.5
2025-07-01,全国,商品房销售面积_累计增长(%),-4.0
2025-08-01,全国,商品房销售面积_累计增长(%),-4.7
2025-09-01,全国,商品房销售面积_累计增长(%),-5.5
2025-10-01,全国,商品房销售面积_累计增长(%),-6.8
2025-11-01,全国,商品房销售面积_累计增长(%),-7.8
2025-12-01,全国,商品房销售面积_累计增长(%),-8.7
2026-01-01,全国,商品房销售面积_累计增长(%),
